,commit,pred,prob,label,fold
0,c4137c5829df04d1a3e6e4f7c7a0e5f31addda80,0,0.01,0,2
1,d33eb89423aa91786d6a0efebd2349f3a1702dac,0,0.02,0,2
2,9da9da1eb7b29041fce9ac8099bb1a0c45ef6da3,0,0.01,0,2
3,3ee9c4a7d8ad90a3fd9143fce8acaba6f25bd25a,0,0.015,0,2
4,52649fda4c9643afcc4f8cbf9f8527893fd129ba,0,0.005,0,2
5,ae7a9de06f91809eb96a118cfa9af18c4f7a8007,0,0.005,0,2
6,3a68ac25a9dd306ac41d06507568dd21fea7b573,0,0.005,0,2
7,99458101a52716780eb4820c62fc64f30e4f3919,0,0.01,0,2
8,88ced96cd013d3070bc0295edba5502814f20947,0,0.03,0,2
9,8929c055214be729a1a15b3eb6a72cddf1b2393a,0,0.035,0,2
10,8f09fa850a2a73f17b95e6e26c348eddb1b6c11b,0,0.075,0,2
11,2342db442a2b0c8005fbd0b20f3cbd13551476a8,0,0.04,0,2
12,90b0c47e5996395ba219a1679f6bb7b36274cd00,0,0.015,0,2
13,6bba078367af56318eb7468017a6ca117cacee47,0,0.01,0,2
14,ac3c66add467d60fd8b4ca98b6abd2e5bf13a0d9,0,0.08,0,2
15,4a73dfc4fee6045f4e450f894429c0dade162231,0,0.005,0,2
16,fc1bf19d9a07fbd39dd8cdba7b8b54e8456cd2e1,0,0.005,0,2
17,acb06a976b71430d9ec1f29db806737bb47162d4,0,0.005,0,2
18,ace9e15ad90e6cb271879d9ab057bf94462bf58e,0,0.055,0,2
19,2434e63187475e416ee0e2e8fd5cc51ec5e5bc19,0,0.0,0,2
20,a4d48af48a5bd20c729913e65076f8d0f5c9a07e,0,0.01,0,2
21,6b9cf3c1ec75b1f805d303b91dd90a15b42201ab,0,0.065,0,2
22,7de255581cc32877e644533ef6d5cb7f2905d332,0,0.0,0,2
23,23df2f536f43336ba05e8e40ba19ffefaa875da0,0,0.095,0,2
24,1607b9c7ed42e72f3a5877842deee7d2ae88051e,0,0.005,0,2
25,c004c9daea8983fd92df9cea63be08b03251e966,0,0.01,0,2
26,aeb0f8329e0949de7efa169c644d8389ab59d299,0,0.005,0,2
27,4107ac1db878bcf7f952e17beed187c54430f7ad,0,0.225,0,2
28,22072e006056afc56bb524b5352511949cc4ca82,0,0.0,0,2
29,687cc21cb48a39514bc61a71927b9470060aab36,0,0.025,0,2
30,0fcbaec47afb47d8887d6732786e0308502f3c7e,0,0.01,0,2
31,a1dd05b8c81cc926fef50dd007babc4cb392247d,0,0.24,0,2
32,0f0e1abde967505363f6b4619581aee904507e7c,0,0.145,0,2
33,e1836fd8aca4bfe61d870c0653a64b48901645cc,0,0.015,0,2
34,6968a4afd6a320853d25ebd12c2181dff6186aef,0,0.175,0,2
35,78d1a613d41367a148c6e57bd9d3af4674b984b6,0,0.025,0,2
36,1de3d116a9b212af4b895535842642603875c6a0,0,0.15,0,2
37,e751cc22b610512f5d9b70f91083f96edb927e16,0,0.12,0,2
38,67480f06e848657b66c20743afecb3d0af3e34bb,0,0.0,0,2
39,7471813924591882fa82761daaba754107ab8a02,0,0.06,0,2
40,3998594624e7a03b22c88aa96bba01e693fd136f,0,0.0,0,2
41,bf4184310de8a0d420f859a6bf80f8f62f229c80,0,0.0,0,2
42,701da0456af24208d27f12e38f69ea75f55d66d5,0,0.02,0,2
43,d696293435c04a8948c873fee4ed3a23536d7a26,0,0.07,0,2
44,f4abfdc106966ab25dee34174e2d705738de2878,0,0.06,0,2
45,e79fcea6cfa46ae58d80e38bd56bfba87080e17d,0,0.005,0,2
46,7dabaab1130b8ca475f7e1e5ab8fa5f155081004,0,0.035,0,2
47,97b440fc8e6ce8129bc2c32f23ac4d43a5d012fa,0,0.035,0,2
48,32b0f7336b7627bc6e471a1091dfb2712b613eee,0,0.035,0,2
49,6a895ec220feeae0a8798169290c8777ab4fddfc,0,0.025,0,2
50,de75806149238269ea9ea02788eb117c92446f7e,0,0.01,0,2
51,118387e2729745f97822f7621b437b324de21b5b,0,0.05,0,2
52,c76d918c77f21176df0acd613d936aa3f3866acb,0,0.055,0,2
53,c9943deeb977259e44313f611ce271288f0ca282,0,0.28,0,2
54,8b24302b3ddaa6c2bc90f61b3b65270846d0fba3,0,0.045,0,2
55,c0b4954297ce01b64487c09a1dcfcc0124f7053b,0,0.01,0,2
56,f78206e0658d13a73f6776779139b3ee5bd62528,0,0.0,0,2
57,681943d4f2fac25a5c0bce2f2f7c34171b162471,0,0.055,0,2
58,1ef23c7fb55f7eafcf2593070a82887d0bce586e,0,0.035,0,2
59,39cf1b2db08bc45ca66863f6e62d6307e35b0e0c,0,0.005,0,2
60,79b2462cb86c9b0b672c52beea1cff3ee12209e6,0,0.03,0,2
61,5786c5c944d3d8c5a18742c71d1cba6dc1a5eeab,0,0.065,0,2
62,b6ee25c1e18e27ed40b61d16ce640587e8104214,0,0.06,0,2
63,12e8303868d3e040f3feaa452815506a7cac684e,0,0.005,0,2
64,918377f18998e6e287487a784edb3cb96a9c6714,0,0.09,0,2
65,5c741c800a52fecd375c7667c421c03ef8c43398,0,0.06,0,2
66,c15ac0cf84738a216ee0b7fea93f8b626d6c6c4b,0,0.025,0,2
67,37b22700d9992f0a40a46d1b70fed97891565163,0,0.025,0,2
68,fd9fed269487504137885d3b0722a04e7c39339a,0,0.085,0,2
69,3ca62564e326230017a0830d4c4d0c053e01874f,0,0.025,0,2
70,9a8435f9d0b0633a76deba573c453d545baff793,0,0.04,0,2
71,760078b411fa3c0a2914574756ef458c3fc68d00,0,0.15,0,2
72,6ff4630b25657736094b0bebfe443881c66aef66,0,0.02,0,2
73,f9ea0c63a020a33e255d69f9ba470c542e58e7dd,0,0.085,0,2
74,9161afbbbc887b89b9fb76dce028c96ed2248e23,0,0.155,0,2
75,c5f349b12a6800dc1664317024269596e8b0305f,0,0.295,1,2
76,69138ab18de0b84e0a8ec4a194cd116b7cc4e1ad,0,0.015,0,2
77,22e68e3efe72371fc8d47797715d78c750c80964,0,0.415,0,2
78,78c368544deba27f47ebc1643f7eecdad4c59788,0,0.02,0,2
79,7ec9cd0d126c6eefe1ad54641cc23088ad571bd8,0,0.025,0,2
80,1f0c4c94514e40479aedf6ed41b2c88a44dfbe33,0,0.015,1,2
81,591e3d166e0e3202c5a4a577077a5a43c101f65e,0,0.01,0,2
82,d7121b1c0bf6f6b799cb4c808138c85d04282ec6,0,0.1,0,2
83,290621a86032456321f7e464cb33dbbea467d60d,0,0.045,0,2
84,6c9487d625655fad85b9aca52575e6f09a03daaa,0,0.005,0,2
85,1a7b144bff36cc51ef4838eb62a0c84100cc7816,0,0.0,0,2
86,ac30127f03913729b16697b14eb99bdc49c1a1a5,0,0.005,0,2
87,ed44e8213fbe92a4196270bb174d8aeca5634f12,0,0.0,0,2
88,2b4bc7c5a9d1b86e004d1a767deffdf875647c48,0,0.03,0,2
89,9c4571dd506954f0893b85ec4b82e5bc69fe2c16,0,0.0,0,2
90,4b1377907d9aff7682fc42fad9c6907e8ae9513c,0,0.025,0,2
91,3872917effefb08c997431a8bdf3aaabbc159fac,0,0.035,0,2
92,7bf24af9d2a21d9ad056a13e4c45f84eefcc5b58,0,0.09,0,2
93,d18208440cb2354deb17a3ab3dc8fe8cce43b106,0,0.025,0,2
94,bbb97a74b0f069e3e56a6d43d9d50f673365af23,0,0.11,0,2
95,3e6c8470303c60292f178dcfa3097bb5d5ef9873,0,0.035,0,2
96,e7df350a551e99e41d9c3db5f1fa68c6bee090a4,0,0.025,0,2
97,71df2effecc24b64fd193eabdea9170a48f41138,0,0.01,0,2
98,b19a671a94d194f493ecfa6de56834b022c3b04d,0,0.005,0,2
99,6983d81680483705c0e2cf4d62b15feba4e6e3ab,0,0.015,0,2
100,7c6dd40b330d85ae718e867c4d5cee0b1c4f317b,0,0.025,0,2
101,14fc4ba076556b50376b54ad9c33908fba06529f,0,0.005,0,2
102,cec75d74f8ae7d0c6d37a9e1605e1920fb545726,0,0.03,0,2
103,9edd2f24d77bfa5ea23688fc913a030c7cb6dcc7,0,0.01,0,2
104,190b6716ee8ac87d9f13146e0ff9cc670395deb6,0,0.005,0,2
105,2dc556649e6c3bd545a73999e3bd8666c79c6d16,0,0.0,0,2
106,58faa3eeb72c552a7c8cc449e895786fe3f87982,0,0.0,0,2
107,64787dc2ec584ddc201c691a2d9d357f1a95f94f,0,0.0,0,2
108,fcc13b5e984b5742cf58c8fc3f89ed983841f8c0,0,0.0,0,2
109,173736fdbb68f3e0a6ac0d3867942c99a63d0014,0,0.0,0,2
110,ebc61de97f41e6beabb07c8418dc1ab2cf5e5ce3,0,0.01,0,2
111,565b6b527fd62a97fb9f8ded6c75b97f595cb33f,0,0.005,0,2
112,327bc1a6d344093894a6c3f7e3c231e4267213fb,0,0.01,0,2
113,4a65b71c2a4cddd2ea3b41b7c61b59751e699dfa,0,0.075,0,2
114,5a2d63e2c336419195105e326a978799412f213f,0,0.125,0,2
115,d33f6b968c285792d51c4e5605ff75da95dda714,0,0.005,0,2
116,334c01e6eba6ef9ce263577f63f2094fc98c2c81,0,0.03,0,2
117,d451a1fb921f7dec1bde47a05a37fbed4df5a1ba,0,0.22,1,2
118,a821e798c3fee1982c81af1974ae44a5c6f92599,0,0.26,0,2
119,a9c5cda5bdc87e568bd1953e26edc36dcee747e2,0,0.035,0,2
120,367fe7662e738356ef6fef47a12a5bd6e3269e5e,0,0.02,0,2
121,cae2a845fa465261cdbaa1604e1f839d6e89bbbc,0,0.005,0,2
122,33c0778d9081f5fd4661980239e990e1c48d3a79,0,0.035,0,2
123,9c6557732bcdb6f473e7e4dde49042c5b708cec2,0,0.0,0,2
124,8b41800046f1d336865b48ea4bc65522ebb3e6ea,0,0.14,0,2
125,3defe7345d95fc5d4741b1990d1a5debd2800d8d,0,0.13,0,2
126,079e67738b89686c451ace8d4e5e52d7534dfc3b,0,0.07,0,2
127,cb067c2503d2d99fd9f6fa4a4128c7be34f9d748,0,0.0,0,2
128,98556fedcce9e7e4375f994cc171d4803e6c0ee9,0,0.055,0,2
129,b468defc676cddd3af2953f5e033f449d9cc661d,0,0.23,1,2
130,d2d9d32f794586fc5f1307f5afb9a0f399725869,0,0.005,0,2
131,32bbe0ed8e5dd208500c653e070bfcf6b02a737a,0,0.055,0,2
132,7b4c168854a87dc0e8f2b7d886f2baf179e5ada1,0,0.005,0,2
133,1bc6cbd731e74291012048960289c8ecb3488cda,0,0.0,0,2
134,a7c7172b3f5d48e43e1abb286dcd24dc9476b21b,0,0.105,0,2
135,20b4584303eaac45903205159647db367f2a4e7c,0,0.01,0,2
136,06ddf2d772d3d7d679f0c4e7598f545016b693b7,0,0.005,0,2
137,48e54b0a557b8de7a563b580e274105e56acf054,0,0.045,0,2
138,89bf9e4d9a2103a775798ee9df654b7f097af2c6,0,0.0,0,2
139,efbad3aa60518f5f7403bedb1c0f821aafc79916,0,0.005,0,2
140,9879b8baa84206b4161eec37e5b411eb9f660381,0,0.04,0,2
141,a3053da744783002b7d51f89be9f869126924c8e,0,0.025,0,2
142,9679d37e095bbdb4c10f8e68e18fa8b8a994efd0,0,0.015,0,2
143,fe650d7b39bfd2b003d8244fa5cc6b6f85012ccb,0,0.045,0,2
144,6a329f9e4391cc84a3eed3c702022aa6c3307b31,0,0.28,0,2
145,c68662e25749d91723b457a20be4fced65640b40,0,0.285,0,2
146,21d9fa79fb674b93eeb3356ade5bfb6180934672,0,0.005,0,2
147,b5d183025dd2282ce29262f918551ba35f4f83f4,0,0.125,0,2
148,f0e28eb000c9d713c8234754dc5edf1c8cf79a4f,0,0.015,0,2
149,4f7b6d2d75597b20856d8476bf1c8697ce9d11ba,0,0.045,0,2
150,54b0cce8fefdc68d6fd4d43d2038050a8656d312,0,0.095,0,2
151,d4283bbd1db6965774446e0d101c52757e281a73,0,0.005,0,2
152,9099fa31a1178b001b28809ccf7e2e1219f20d11,0,0.01,0,2
153,431ff783f0f95b53759918ec16114cc1af072bb4,0,0.115,0,2
154,093aa6786fcd35c22683b4f113bdceff8f01d3ec,0,0.02,0,2
155,d2adf76e6197524d2528678beb6fa259db63d397,0,0.025,0,2
156,69b7b985daea9e60e9ae5267fb4b33c1d21be1b1,0,0.005,0,2
157,a95b0def8ce9246141c25fbd6a6244c44dbb2d05,0,0.005,0,2
158,b29fc9645a7cb4e9ac2cab177794b14a39352052,0,0.185,1,2
159,e99ab8489c03c04a8cf7ceba711fe3692c1b9ffa,0,0.0,0,2
160,b05a3cdbae8c1c83b83244b490f4d3534e28dd6e,0,0.0,0,2
161,c4ed11aba2af07b58362d755ad9b74d16a1144d5,0,0.01,0,2
162,b44d8ee8c88f87a7a3410d7aa3266056034c16f2,0,0.04,0,2
163,47043fea658fff11b8579c8b46d46b45028867c1,0,0.015,0,2
164,d13bdc025a5777904fc720e691fa6c766d4cbf6b,0,0.11,0,2
165,7133fb43b7138554d8485717e54ab8dce1d43cac,0,0.025,0,2
166,0d0c461e6e700e2931ffc9ee660a5084dfc26450,0,0.12,0,2
167,262fe4c088036994607ba1d35d676deb500e2ea3,0,0.14,0,2
168,97b54ad87ffd559893dc6555196d9e3afa756461,0,0.02,0,2
169,9ac992179612af3ffe9affc4cbba5f50e57d04e3,0,0.01,0,2
170,2d590e38b36617a084d73ea7f999c3d5f02d53e0,0,0.38,0,2
171,175bad6352a145ea0edae4ca45b3f0998a539715,0,0.0,0,2
172,79bff2247fe661339ebdbcf7978b4980a685220c,0,0.005,0,2
173,c8027556c1e00b2ad6f909c0dabd3f008129138a,0,0.03,0,2
174,1e649ff9f324b372d0734789bd207dbbcd7e0e63,0,0.005,0,2
175,03f66650d37ea5ca5b84d23312585bb3394fecdf,0,0.04,0,2
176,b8ed51d4a0384c1157ec5ca2fea73d880b9f4a81,0,0.02,0,2
177,2123f7805b1b7aa7f6651f96342e7ef188ff763e,0,0.12,0,2
178,fe761c28ceca03d859ec34273798d67d85bd704b,0,0.03,0,2
179,efb876b984f7b2a88890dd599a2da4b4c1e7f5c3,0,0.28,0,2
180,9af50ca82c8994990992696e17beeb7956cdfd89,0,0.03,0,2
181,d171e7dd17441b60b00960eef69f09f3b0ca89c3,0,0.0,0,2
182,29db2a8953a33d3589d95877b3d0c6b2d6ed3b54,0,0.015,0,2
183,bf05f11de340e9ecab8911b1b1325a769ebc4e32,0,0.055,0,2
184,85cb7a8d48c1e92e428c3b8ec15998aad00ec59c,0,0.015,0,2
185,fecbf23419bf46c12e4f41baf5680329f25bee3d,0,0.005,0,2
186,a31a5e84517ff0fd567b3606580129363ac50a8d,0,0.065,0,2
187,099fdba0750714d65ce21c21618da5379ed885f4,0,0.015,0,2
188,3df5cf363e342cf922f63eb341ee7801b110706b,0,0.0,0,2
189,4d02be2855048cd9a6bf68eaa77c5993268e0a7b,0,0.025,0,2
190,fb8fcf184ea3801acf6617f400d90548e6c9aaa0,0,0.0,0,2
191,abb29ca5c3f9b186fbe0b8b1ba84ba81676f6477,0,0.0,0,2
192,d3d5c6fb0587ed9e8b06e5e4e1beed23a9d45b0e,0,0.165,0,2
193,60f99d976da2bf63732543348c443f9d0d010c01,0,0.055,0,2
194,4b299469ed2a6d8d3adc696aaba8e3f42c1c9af7,0,0.04,0,2
195,ddd7f07939573f1bc3269d8d8f794101527f994b,0,0.07,0,2
196,c65e8fdd4ebfe49247b160dd3b3a5a5bcd2d7ea0,0,0.025,0,2
197,f31af98c0dea42494c6a702729f0bcaf317459f5,0,0.0,0,2
198,fef1366f093511f914e0b1e1518355565e0a0006,0,0.065,0,2
199,9867b821b754f9071791a4d9bd9c676ab230f376,0,0.01,0,2
200,afa158afc78c50cb6de9317c5b4dc228ebe3ef23,0,0.0,0,2
201,a58a65a43f92abc3948b3549c21284846ec5c9b4,0,0.005,0,2
202,cd6ab81dc8db04ad72684f61015f94f0f7c86255,0,0.0,0,2
203,fac2e96a318f3ac8b4fe0dc15ac4525165e21af3,0,0.04,0,2
204,5c185f118bc6d036a03e5f708b72ef7664f18752,0,0.01,0,2
205,d78c757aa95180e0cd2e623eeeeb20d76ee55ebe,0,0.15,0,2
206,e41aa31c439eb75391e708e7637c351deab8e227,0,0.01,0,2
207,9833f5c1862a21079d674ec3353b215f956f7685,0,0.015,0,2
208,3cd15839efe8c92132939fc4893f9f6db271c25d,0,0.005,0,2
209,196e7b9269df139119d1eab52bc4c6077b8fae38,0,0.04,0,2
210,611ddc1966bfc820a7f89164fd49c0bcaa6b7b55,0,0.005,0,2
211,b037c6b5a2a07dead9bca837a5440659cef2ec13,0,0.015,0,2
212,0a150a6718153f7f72900b0896bfa9f58fed130c,0,0.135,0,2
213,c56bc8fa33e05e490718491aa0f058114fbfe3d1,0,0.17,0,2
214,d803dbac0e6de9f451cb9ba2f3ba146868ae4c02,0,0.035,0,2
215,57e2712f50eec586fc5e46fcf9eba139f82af97a,0,0.195,0,2
216,c005c8d4da25a68f51691d8d5be818e8566c4ceb,0,0.0,0,2
217,7b371c06a901d84f140ba562f28214e03511e7b0,0,0.0,1,2
218,06828ea9a8d9769de5b0e69f4d1825cb5320e373,0,0.115,0,2
219,f3f992d69258ca632cc29a366d5955b9cca1e630,0,0.0,0,2
220,622a9991c2a7f644c09eef294e8a19dc57601ae0,0,0.0,0,2
221,9764fa8a2d6d25b43d18f7d9cbf8ddc5f0c12fc1,0,0.235,0,2
222,a88ba6c1ca4eb82d9d006d0c1486b1ce453ac9b1,0,0.15,0,2
223,d778da77e014f03a8ef9f2e0d48ce850adaafcf7,0,0.01,0,2
224,04cb14727d9fad2d0e7db8a7b99c78adbcb4d1a9,0,0.225,0,2
225,6d291937d09390360f96f2cc357bd9f33368789c,0,0.0,0,2
226,ff92629a3b68954b2709d54525acf0ca29d58e59,0,0.125,0,2
227,234db70446f5fc0ea444ed3fbad5dacdd003b1a8,0,0.0,0,2
228,f7ee41ad1955c5dfd21a8d53c58783ba0ad3257b,0,0.225,0,2
229,7a190664bfc14faab22f7497b04bbda657833932,0,0.12,0,2
230,7ec3665fb99c98089c37a87d91f9d3dbaa060a3d,0,0.12,0,2
231,264f6e8c4f6dd3ec884b2ba536c4ee69380a30b2,0,0.01,0,2
232,3b753d7d00d1a623d12a03eabd322e9211b0bb82,0,0.015,0,2
233,7629512cbcc22d3d6dbe47d08195ca861f5b29ce,0,0.11,0,2
234,046a2ed6db5c65b5afd59b2a117b6a97c7df2108,0,0.075,0,2
235,b5a03457a549ce93f8d007a2d4eaf61658bf7a46,0,0.02,0,2
236,5f3ad4479bc78c73f2aa0f3652f45b273fcac220,0,0.005,0,2
237,b4865d87111e1c628a0dc326cec7619a0c9eb1a5,0,0.055,0,2
238,94415d4462a40eb8d649abc4227dfc47ce08dce8,0,0.065,1,2
239,72858b844718a263dec4e10514bc9dc080508f1e,0,0.045,0,2
240,61c5342b50312a5afbfec818595559f2ceff8612,0,0.025,0,2
241,88bd54a42296691016eb4360880f60aec80cf7b1,0,0.035,0,2
242,7d738dc35233fb8e82159e52da1e616e0ed93fdf,0,0.03,0,2
243,e84687da98058d7be1acf47dc18b2bb7d9b871ca,0,0.07,0,2
244,58d18852834e792878fc9205c605822891498c4b,1,0.565,0,2
245,6e9f1d394532f0fe84b289fe4e5c6e779982b991,0,0.005,0,2
246,e00a9b226f453096f700af2521b2c1fcefb7629b,0,0.06,0,2
247,9dfd54ef0fbab9965e7c141f7a543c6430d39a5f,0,0.005,0,2
248,62a313f67d40f2cd192b7f5890f0be14f358b390,0,0.185,0,2
249,8a5f904b366d9aa02524283a4c01eb5989c52cae,0,0.215,0,2
250,356a99a7bb67b66450b51ef666ccf9f422f27956,0,0.17,0,2
251,4f63173306a28f48e1fff707e9ee83fc53f152cb,0,0.07,0,2
252,5ce6c97bcced402f9b5a8d54a3242e1ba8dbb9d7,0,0.075,0,2
253,c70f393f4a16bff440b89c571956f69f15cbb34c,0,0.3,0,2
254,07ecb4d65a2278824fb490870505f35952756e66,0,0.005,0,2
255,5cf31cb6d5af3bc3c982b2743f0f6a6633aa6761,0,0.005,0,2
256,0a853fd5a785f17fa3dc6e3b4a49aee50a1ec197,0,0.01,0,2
257,dbb142bc5a4019bdff411a007b75decd753016eb,0,0.005,0,2
258,695dc3bdcc17abe96236116bb8481cd6cc21db4a,0,0.06,0,2
259,987f659a12537fbbb7a39ad9e0f1d6bb2da92aa3,0,0.04,0,2
260,541527bdf3ee42817c0c0481dbe549744c3d5538,0,0.0,0,2
261,7e3ad29257b934a71a6374afb50812bbf4e3b4fe,0,0.005,0,2
262,03fa7c14316371f43c62dd486036be9145ab98d0,1,0.505,0,2
263,e401d4ac0696c2dc62aa960044d9fd07bfc01ef9,0,0.005,0,2
264,e12caa8de164261e29b4d0c045e6aad6cf28a0e6,0,0.18,0,2
265,026fb14740430eb2249959134764b8a8ba8c54e8,0,0.02,0,2
266,3424131d52ca1ce4441ed7a390eb55ccb00c9321,0,0.01,0,2
267,ee37a5197c91aab79f4310ee9938ae46c717bafa,0,0.01,0,2
268,b8243cc1663e3d5bbda35eba3a322dc3dddf30f9,0,0.02,0,2
269,716a7bb2dffbdc8f5d56d07435442cd8b011e4d4,0,0.005,0,2
270,45ec0d393fc2c7ad316ea2d264873a5f4e7e420e,0,0.045,0,2
271,35d78323b248501dd90bc40c4512a9b879c513c2,0,0.075,0,2
272,8ef3dd026948f251afb1b734b965c62d03d913ff,0,0.005,0,2
273,d84695d151239d1425883c43364bc7c8170c29c0,0,0.015,0,2
274,c7f092e022e1075cead5a76d4346b9df0642d6e9,0,0.045,0,2
275,ec6dbad43a1f82f61ec6dbd43fd7766e92762e52,0,0.115,0,2
276,1df5ae529c2e21a9ba87ba8a2701994a4c6a3d75,0,0.1,0,2
277,ec198897ee8e726094dcb15c08d9f7da6920f8bd,0,0.02,0,2
278,556576e645e124337afc4814f2f3ed9853da1cb6,0,0.13,0,2
279,1047f93f6886aaa421c4db73274ce384de1f82e1,0,0.2,0,2
280,dcfb76fa00a530fee6cbe4c17c51f6b9732024bc,0,0.3,0,2
281,2340a5e94c43e3927b3b18f1bb3a2233f1e7def3,0,0.02,1,2
282,3dff269818712ca8ed1454407ac10fafeb967f86,0,0.0,0,2
283,54bdd4a006747e5aed1ddfc8c2cc9ae3c7621af9,0,0.015,0,2
284,f7b44304908d097019327db0e1499435a4e4b14c,0,0.005,0,2
285,e39775be72fc8271066c32db2104cd4d12fd8512,0,0.035,0,2
286,bb49301290de3825383ca2ab19ca07a45c665cb1,0,0.16,0,2
287,6ac4c4d2263e2e131fe440d8ff4784a3e1cba6bf,0,0.0,0,2
288,0b9bc8cc10687f10aad5be3ee301c896426b7eae,0,0.0,0,2
289,dad2f01046fb9971845c34b0be9e9abd9c3c9e25,0,0.02,0,2
290,9853e1ba0c5fad772c483207d57e01df5ec2c85b,0,0.02,0,2
291,3bfed2129c6be9be80e4e49ef66e2ac14f5d219e,0,0.025,0,2
292,00e957d4471d688e1d166e6f3a2937b20d6b2b6d,0,0.005,0,2
293,4f1c54a44572f16c4274ebf28991f587a250f57b,0,0.0,0,2
294,3fa068440f21f22b370e28943ff65acef8f3d86e,0,0.005,0,2
295,402279e151b07cdcdbaea0671530aba031d07dea,0,0.015,0,2
296,f69fd48e53a88890a1e28ff036316e022780a393,0,0.06,0,2
297,b278d97dce8ed3f486722f4faa12753def872937,0,0.0,0,2
298,13e5edb1b92974da02a10f56f7803be56d969445,0,0.065,0,2
299,133cbc2dbfe596eeca203ecc43c81035c05ee684,0,0.195,0,2
300,a3c552e3245b1211f60f4b8f08a259054b768c6a,0,0.045,0,2
301,3c3c66c84fa3cadff284fc0961629476312e4c00,0,0.005,0,2
302,d30be5671d1487358e4179e2096c4105dbb55a86,0,0.01,0,2
303,71b826accdae6d64231b72a68d8f8449741132a2,0,0.005,0,2
304,2394a774051d8a4ba0878b681ac3e475c406fb0d,0,0.025,0,2
305,129bca897596bbf8fd250d21758402d416dbcd17,0,0.035,0,2
306,b7d7b20ad0e4bf6ed4d1a16d717a5978a67ddac1,0,0.01,0,2
307,328513f3adbcb683aebda8f1b38a0cb14d33de4e,0,0.03,0,2
308,fbbb96eb1784f1e7f8ac1ffc5c66fffa227206b2,0,0.07,0,2
309,ba0cf0e41b9d170d649f567fe8c65895eac182c8,0,0.03,0,2
310,368f17d194d3d03c73cc459f1af6fcc1a1b7d598,0,0.03,0,2
311,3f53445d1173ae53cf07d056f8b6cbf5dc5afff0,0,0.045,0,2
312,dfea5addf83a023e3a09f7faedc7ed6f1807be9c,0,0.045,0,2
313,7f1d7b7e3332455bab4d83ba16af3134c1210eaf,0,0.045,0,2
314,e1852db1cffa808714be88c48d7d23b048e9f76f,0,0.03,0,2
315,33959a8a4ea1b5df219afe0c0296752deceef78b,0,0.0,0,2
316,87a82127044cfd379c81b769fc588984328d6731,0,0.205,0,2
317,3c4a3dbd7c34ee09b414400fb57477563359962a,0,0.08,0,2
318,433cd1694eb795a1d5f44250968728c53d8d90ab,0,0.165,0,2
319,a22db05f92e8279e7dad485b41872825a251b3a5,0,0.16,0,2
320,22421b80fd2f2270f3f8c862a57ee319fb3d110d,0,0.05,0,2
321,ff21663c8e410c8b968438892892654e8f7783ee,0,0.0,0,2
322,ba43534ea846dd5f48aa7e01b9bfd6f5e4564523,0,0.0,0,2
323,d9e74e041768cea2b250c3338c4f134fbeef519c,0,0.055,0,2
324,97ca946c8450b4909ae73eeef97517a28086c77a,0,0.09,0,2
325,c83a4bc0c40e0aa4ee3607e779b96091bf3ba2f5,0,0.105,0,2
326,862103b3a8a6664e8c71fbcda9c86b31b53eaf30,0,0.015,0,2
327,460b8bba3b4a6e629b66b4dcec80720a055e6d47,0,0.0,0,2
328,60c76a750151299143040188dd991db69b166263,0,0.005,0,2
329,35fa22ed957039b16d64647a6b5d19c1d9892d2b,0,0.07,0,2
330,4ab2c3dddb8002704175600a139f4c44b26e2410,0,0.23,0,2
331,0536a2a7cf23bf86f5b04e5ea7d0ba5808ec2cde,0,0.05,0,2
332,ff8535a61bffc95f8ac477f982a54d5dcd17de3e,0,0.02,0,2
333,31fa9a7faa27fc25f12a186e4b41de0bf823d7d9,0,0.06,0,2
334,d708c9d1019c9db667ca828e1c8ca8e12b035bbe,0,0.115,0,2
335,0207f15a49e4a1c74920d2d1cfc2a8ee6c67969c,0,0.005,0,2
336,3c0afa529e52218500f04c067ec6105b6c074b1b,0,0.005,0,2
337,566075ee5cb903fcf9ddf7c724c4a3f1598bb3fe,0,0.05,0,2
338,b6bf8f418ade5fc981f66109c0a2e5af512ac9c0,0,0.14,0,2
339,35a0923edfe498c58bfb1e86099fed85fde0c353,0,0.02,0,2
340,1e2172b4d5b5a5181a884d0ba12400d5be9fef1e,0,0.135,0,2
341,ef425179b5738ef83091dcf642af5d02ad021009,0,0.08,1,2
342,faed36db104582a4ed1635a3e73c263e005bd70a,0,0.03,0,2
343,4a0114036347d690e8d1ed39fed4b57d97db7f9c,0,0.01,0,2
344,9e79920ec5c690c91220db22e06f4d346f87cf20,0,0.075,0,2
345,e3fe16402e3182868db82b771ac7f9611f10d5b5,0,0.215,0,2
346,da462abca016b80ce42e4cb3523e3eb3522a559f,0,0.13,0,2
347,47d9a5d240d23ef1a83566c4a5ac5de69b884c4c,0,0.0,0,2
348,1f3c6973e3083bfc6293ed7a99c5f492ad65d32d,0,0.0,0,2
349,b20cc34b67b3209141de6211f983e410063ee018,0,0.015,0,2
350,3782364dc710a104423081402491e786d0b0efd2,0,0.005,0,2
351,bc04240567762703e2a5580152cdd78fb21cb62a,0,0.005,0,2
352,79b47351b5cd60a19ced101d1b4cb45acf61f76a,0,0.05,0,2
353,55a1b8090af334ab4c6db9809ff762c181366481,0,0.05,0,2
354,4117b2a53aa93f26d66b5bd8594b211ff61bd343,0,0.055,0,2
355,3402d1c3c9fae94437ccfab994432e620a7fe64d,0,0.0,0,2
356,2e63eeea116d1894ac00d68262da4dc2d4cfc13b,0,0.215,0,2
357,96ed605cce82f5d877ccbb55bd6bb8c26250d72c,0,0.0,0,2
358,9aa053e6b8275635ab87f18af92775ade793b17b,0,0.04,0,2
359,745bc49dafbedd40a9b0029576191eca086262b0,0,0.005,0,2
360,ae6762b2a7b369527f9b817347537607d945172c,0,0.0,0,2
361,1f11030cabb604d0ff0a6bbe35d7a49d7acddf55,0,0.04,0,2
362,a44563d2024bd6869e005a8b42d85e06cbc12f23,0,0.0,0,2
363,26a610776cefacb898994e8e4ea493b6b1263022,0,0.045,0,2
364,5f705bb1b03f5b4c1f0b2dc84978591eb09f6e72,0,0.02,0,2
365,11fd051ad8d0808856d7093db5407993a47af11f,0,0.015,0,2
366,311229c30c188877dd362a743f9ecc536da06d78,0,0.015,0,2
367,91e5a8b7ce8fd4a56a6b1b510e65282f6a980929,0,0.015,0,2
368,183252a6f06fecc379e3a3898fa99237bebf3c1a,0,0.015,0,2
369,4f1dba40f5abc43615e231303fe93b370f3ae824,0,0.025,0,2
370,b1dcd6b612df5048455b1f7b37ba6c477a677472,0,0.23,0,2
371,6c1c1143ada70c46a5046b58f21ab996333017bf,0,0.01,0,2
372,8a284972f329d16ca1775261eb45ccee872c1efe,0,0.01,0,2
373,a1d09afe021b5db67240c31ec33e6df7716a2aed,0,0.015,0,2
374,a03e53aad773db8f3157dd2cb5d64a2e4b565107,0,0.015,0,2
375,a197358647e4c2c278dc7ffacd32be32341f86cf,0,0.025,0,2
376,31ca64cfa89edf008a24b95cb467022ce081719b,0,0.025,0,2
377,44adfaeb94022133fd720061cd526652efe2f817,0,0.035,1,2
378,c9d9bdcdbfdcad57c3014f8b981eadfc07298fe9,0,0.195,1,2
379,dee0874ae84c081a5d492da215555ab052d64a15,0,0.035,0,2
380,08ee0d963cf797bbd6c34f4fbff444a9b2b68bc4,0,0.11,0,2
381,3eabd1deeb4e6460f4ffebae1436159bb260a73f,0,0.025,0,2
382,2686e1efd37619c3d9be1b2803ec6111e2870665,0,0.075,0,2
383,5a2bf9c6570a96383386039cd4ab7aa0c8a0b7eb,0,0.005,0,2
384,26c1c29575499d622fc026fcbf40fde3c210d6d9,0,0.155,0,2
385,ab0e605ef61860f19c29711c3b0fb1e443ef9f27,0,0.245,0,2
386,cc53a6aa67414915ab5adf80819ed5e751a9e8f2,0,0.055,0,2
387,b8478df284c292cbc93405d1e89933cbc99bb40e,0,0.01,0,2
388,74bcc0b170ec03975558a06726f0f990c1189bf1,0,0.33,0,2
389,95080b966fec0921f72c5607516bc2e1f402e6c7,0,0.01,0,2
390,719fc75901b953a4891206bd1523a7b5aee81948,0,0.01,0,2
391,4fcfb53d8f6c5c73c75aed428471cc253932d45b,0,0.0,0,2
392,84074bf247e8c73806f7491a48403c75f50c92a4,0,0.035,0,2
393,a5f5a9384163811b6309d42cfe1272ca0c7b34d6,0,0.025,0,2
394,062ff19214125253c82aa5447edd36015972ef45,0,0.005,0,2
395,221899f3ce6c49cb4b069240881df18856438f1b,0,0.005,0,2
396,76f4c46b448d8d6f1fa9a6ff50cd519d8eeacbce,0,0.0,0,2
397,d063c84cbfd37fa1ec8794d53855664eee252114,0,0.015,0,2
398,058bb97d7274ec8172cb6dda9901f44c58e4db53,0,0.01,0,2
399,2ad336c0599666c0d01c5d2ebfa33aed79c29a70,0,0.02,0,2
400,72e13fcccc51c8906fb2caf5d0d5f745d66e628d,0,0.005,0,2
401,b050cc382296fb77f71e6995baa66dac0f5ca456,0,0.0,0,2
402,21ece86385185cdef31e239ae275dca08e1ba3ab,0,0.2,0,2
403,80fea20c49e53d27b16dae9c74b8b62b02c9ddee,0,0.0,0,2
404,828e3db62250a571c0c74d2688185a7ded421ae2,0,0.0,0,2
405,2a76512db9d97576b5cb99873242967a6032a8b4,0,0.015,0,2
406,36656ded2d216b749529b8fee938414365c144af,0,0.02,0,2
407,6fe6e487ffbc05082fa08e0acb00d05497bbc4f1,0,0.215,0,2
408,ec822cf7d413295535628c14b81cd693cbbcc6bb,0,0.025,0,2
409,dc0bf055a776bc826e07a5f521795007e6accd0e,0,0.025,0,2
410,a333e580cd4264b416a378d5c5848d42e26e83f8,0,0.0,0,2
411,1659159855f36148d5b902e9c046ae92f40f1086,0,0.005,0,2
412,7b09face70d21c8f0d0b08d9692cfef9eed383c3,0,0.025,0,2
413,a3f6c210e341c24f721f1d4eba7b7a2ad1d91661,0,0.06,0,2
414,2f7074cff04b5bf8cf890afd5e6aadabe81102f0,0,0.005,0,2
415,8c7b9a1495e2b35c57b8bc4ec45fcd7e93a75ef8,0,0.02,0,2
416,fa0d87fd628b9ac0a330aac226adb2979da334cb,0,0.005,0,2
417,6e9f0c1dbb7855440658f0efaa0b357237d6d2bf,0,0.14,0,2
418,4bab7135216ed1ea661a29d57971aebf8f5dafbd,0,0.02,0,2
419,ecfd29007c78e032e46109d11b9e6fb9936e4695,0,0.115,0,2
420,97e89cdd7acc6f330240e2cf9c9007af4311be4b,0,0.02,0,2
421,946995ac1621c46f7a2c647003d49222e2f91f02,0,0.03,0,2
422,d86b785b6d67e2bac78a5d14a01cd806b3151b31,0,0.005,0,2
423,87c0126a33ef04c0d5d0d8d6e1ea2bc288c93be6,0,0.03,0,2
424,f26739a7898b4131e53318c4ba80fa6023fbbf19,0,0.115,0,2
425,febcb077e7da0b64607b3063df53824987b68bef,0,0.05,0,2
426,de4aff2319fe8eb37af6f8384a2c28a9dadb7c0d,0,0.01,0,2
427,4e017170f557e1ff213bb0480ed5ba669662a344,0,0.075,0,2
428,f8065763927e24e30d7e22b93a15fab02f25ce14,0,0.01,0,2
429,8252860a272512a3cdece44aca466cd86e4835b7,0,0.005,0,2
430,0d4c8d4a70d1ce77d78e6811788754f34502e14d,0,0.01,0,2
431,9923564810d35b43e53bc5328c1adfc0f4de0bbb,0,0.005,0,2
432,6967590b83a4a903b3d78377471b811b60219d32,0,0.01,0,2
433,7c2a4fa5790f592160748261d927ec0acc0bf87d,0,0.005,0,2
434,093d8d914ab1af80e08551382e6053430ecf7f89,0,0.015,0,2
435,3729cef21aa0bf41df1f39d2cc9cf6dd90144cc8,0,0.0,0,2
436,b0bd0cdc9cbe8fb51219253b047fe317f695a249,0,0.005,0,2
437,e4caa054a07dbc5c166698ef2a33f6559bd705c2,0,0.005,0,2
438,517855fe74a936605d07717a4749182479cd53ab,0,0.005,0,2
439,2c88aa94c18df24c4b37bbc976081b50aa936a38,0,0.065,0,2
440,7d763283f8c27fd6ee6da2151343827e36026841,0,0.02,0,2
441,3ea6733ee8dffe49deee4d0004215d80e27a8486,0,0.01,0,2
442,32c230328895e78894c874b077382b77054dab99,0,0.245,0,2
443,a28aac9aa8e7288673200c10f33184455937f298,0,0.03,0,2
444,c9f2d87527d653359d740615b4a7ca8673edf5e5,0,0.01,0,2
445,6babdfb3a895a76c5020654b56db24f1a8edb11c,0,0.0,0,2
446,031654a93ccfa5a2b8d63d32642a1a03df0bc827,0,0.01,0,2
447,d4005bbd6ebf9119e20a5ff4bdf40eee2c1da58b,0,0.005,1,2
448,81ba9842e5d85aca7bc7b26b01626407899654ac,0,0.005,0,2
449,9b08855c247eb7522fc4b25b8aaece2a0d58d990,0,0.0,0,2
450,795e041074a189dc999c4e6141e899fdade04bcb,0,0.005,0,2
451,5ac5c98b80bd14d9c8f1d2cf11ceec768487df41,0,0.005,0,2
452,9f30f389807157eb96591cf05a6fbe1362ede7be,0,0.245,0,2
453,fef497d841ff264fe73ced794b49ba6710002df3,0,0.05,0,2
454,73a8e5d165e7f61b936322b0717f894dd823d855,0,0.39,0,2
455,168139c1615b9ceb1f5ac84ddb5cbdae702283ec,0,0.08,0,2
456,05d16ea5e03ca7f0908aba0c087e66b5a5eee21b,0,0.0,0,2
457,a0c8e5c701f18782bc8b8f4604ea01a8e8d8cd4d,0,0.0,0,2
458,c1d889840c0ca3caf107c0c23c97848be4ee783f,0,0.005,0,2
459,0900d78b9a6df09bfb354c4002e51450b4788238,0,0.005,0,2
460,bd77d3cff258538d4847b1a29cf09bbdc1b1d861,0,0.01,0,2
461,d6c0ad9a2c47408922f53d09d64af735f5f318f0,0,0.02,0,2
462,0089ff79b81e25af35613832543475e16db10050,0,0.015,0,2
463,a507a4eca62847efbb9c13c3b73e7bc58791858a,0,0.01,0,2
464,3719af9ea288f76cfbaf0c9b6d9b0b04faddc146,0,0.03,0,2
465,24bd2a8ec122feb37d443662283cbaccb954d9c5,0,0.01,0,2
466,b11082e6d23e7331ffea1e756cc7fb905c4919b0,0,0.0,0,2
467,6d6649ef6932053a9cb1854cec65b60b1e445999,0,0.0,0,2
468,d052e159a9869acf1c6f9c6fbb8276bc044bdad4,0,0.005,0,2
469,a4b1948b7cb476d17d38b324fe46a60be4104490,0,0.08,1,2
470,0e1dc43ecdee48fc142199c4db379905651ddaab,0,0.0,0,2
471,ff3c66cbc79925db68aafcd2498b017dae5dd504,0,0.005,0,2
472,8ea8869f0109a096ed4b9f445f97537f88b85dd8,0,0.01,0,2
473,258918de6b767af9e42fbd1f19b854febc103d91,0,0.015,0,2
474,4fc0d428b89d8efd999b98225453cca13b7976fe,0,0.0,0,2
475,c8e8d8de18cad6566442c138b5a6627127102bfb,0,0.035,0,2
476,fa4135a04857ed0fca64f27cb5e2a8b88b70c7c3,0,0.005,0,2
477,787d654a6067e71c23e649a69f026d4ec787ba41,0,0.01,0,2
478,618f2f80ca55d75354ba906ea8067c3386dabbd9,0,0.0,0,2
479,bef6c1869977f144c170a751d6a5cb1575d55fdf,0,0.15,0,2
480,6acc4ae36d73fcb3fc1b84d05d8b12b513df4481,0,0.005,0,2
481,707c93a25f183f4607cf84807de244c9749afb51,0,0.0,0,2
482,ee61e5660f3763f03fa77a8d67708d2e1bf0b060,0,0.005,0,2
483,af55bc00575cb140f1d52ca2e82ab2aceb23e86e,0,0.08,0,2
484,2399c99f9edf8c1958a2c576320279563835aad6,0,0.02,0,2
485,fc20a308d7e866c0c18e1a3efbb62e2176d2bab4,0,0.125,0,2
486,0441b7cc6d02c6539eac4609bff9bb7449720ac2,0,0.01,0,2
487,3be3e7c290f032971c9d9ed0544d3bfebc18a3f4,0,0.005,0,2
488,0958d5c2962d1ae84c6a7acb8ad187d649dd2c46,0,0.02,0,2
489,c10e1c8419fc8c96295842276dd936fde5d5e23f,0,0.005,0,2
490,66b2b5ca7d76f79cd9d58936c7f811a447ddb45e,0,0.02,0,2
491,c2d4022d3a02177e7f461f3691d3e1afa64db8b8,0,0.025,0,2
492,d19ccac2a9dfbf908d34bedd3ff2048719a9aa48,0,0.005,0,2
493,57d660e718219f64b599ff217c7274c6b590445d,0,0.005,0,2
494,c369824de7d0e93da55c8b64fb9f903bff3b2bfb,0,0.01,0,2
495,411de7c0058f15a529263c99bdffccef6ac2f52f,0,0.025,0,2
496,3728db280af2069945209b1857693e21486861cc,0,0.01,0,2
497,a86b4b61820482cffa5859700bf77ea83bebed59,0,0.015,0,2
498,7ab5efee5dae778b5be0b670d0b7fc31473f7d6b,0,0.03,0,2
499,c96c12f79769c006f97307c85a9fa95b51e1f32a,0,0.18,0,2
500,01acf585de4f9596c36ea14da7314c032f6eee55,0,0.05,0,2
501,794f28c200a140985c74ea0a1e14f5aff42b0bb0,0,0.305,0,2
502,392f47dfed34826ddce85a42128eecf0f11a38d6,0,0.015,0,2
503,38155d7ef378e3c4107717e5c987166c4a69a40c,0,0.065,0,2
504,0f004b25f755c6f334cec6ae27383c88ba34b9c1,0,0.285,1,2
505,c78bc17c2de58c2f3ec1ce4afd1729e6b7536a8f,0,0.065,0,2
506,f85dc5760b6acdf18f0bb96a906e77a286a65b5e,0,0.07,0,2
507,49792e27a5bc0363aa5531f2b538532cacc2d8a9,0,0.025,0,2
508,b6f92546451fecbd207b2d67e0854fe1e8ce27e0,0,0.315,1,2
509,d393072e588392dd01cf30312c7907ae819ec348,0,0.01,0,2
510,5a9079f2ec8a14ec661604a028b3272c1d95fbdb,0,0.185,0,2
511,142d2c918a2b1326f379ff5c824e4ae5f531426e,0,0.0,0,2
512,34c5d96df733d3390272bc6c8016494511531889,0,0.005,0,2
513,d54330b9bc4fdc55603e947b87375c22d649dfcf,0,0.04,0,2
514,71d916f096c205c89dd4242345903adc4b09ca7e,0,0.025,0,2
515,47de37f805d0df8e78780a521bb8b1dc6d365337,0,0.0,0,2
516,92938b610a6c930b4f36b2087cbabc9cc8484fd7,0,0.11,0,2
517,e58d65df4e41ec16064f91050cd67aa8291737e2,0,0.115,0,2
518,c3ba9b395e3d1e8aab17333fa4036361a6678284,0,0.01,0,2
519,fa4b8869dcccd596d23fed5722ab6501f0bafc4e,0,0.005,0,2
520,52e8a34e722df5b7bcb6cd5bb09e5d548f23bb9e,0,0.155,0,2
521,4d4aa195fea0f1d7550ca816e1a85802aebfc875,0,0.12,0,2
522,25ac524b793bc6fa1def0fc6c7cd00bc740b8d30,0,0.005,0,2
523,030fff9a45af176758dc506fd1355ec059e07bf4,0,0.07,0,2
524,3d3af2cfde4459d06bdd9aeae1927cbedc1c8c80,0,0.105,0,2
525,d951c7028d09db098d9259d654f20a5e59e5e19a,0,0.025,0,2
526,5fe9b36c454f8a38416a96455da6ffeadbbe8a37,0,0.03,0,2
527,0615bf8dc027bc72f1bda3395a640f5bd96b99a1,0,0.015,0,2
528,30fd555f2711da72ae0ba920aaee473e62901afa,0,0.01,0,2
529,215cebe8df5e445db392a6db3c2509634ffb9cb5,0,0.005,0,2
530,ae78e16c8b232a252e29f53cf33cd61899e0b80d,0,0.17,0,2
531,44eff7b3e82efff71595a97d390fae538ba36b13,0,0.07,0,2
532,b9559bfce972a8b079ebc5ac8b6326a524ce29f8,0,0.37,1,2
533,c32b8042d81bcc66151e3b2c03695a9a7bfd33c2,0,0.11,0,2
534,0b3c388aebe23cde0c7d3afbcd1171c4a8a3f5c5,0,0.12,0,2
535,b1676aecb4e9980d35797c5ef18f7b0582ae25fb,0,0.32,0,2
536,cbea7bad84cbab46d28387c0bfcfcd8a287ca565,0,0.005,0,2
537,b4129de7566cd85066c06e9863de99195fbb5443,0,0.0,0,2
538,3859aa17cfce95ac1a02a3e9092535713192d299,0,0.135,0,2
539,f2d9bc8f934db67a41cbce8c1c375270d43109ba,0,0.215,0,2
540,e5413fd48333983347b051db16fde5569799505b,0,0.015,0,2
541,0d52bf6394ad08107d964add56576821e31493f5,0,0.04,0,2
542,65e95d022448285c6547d90d5d9100715bbe0be5,0,0.07,0,2
543,318d66e1b170a3b57d54d7175cfb3e495f6d7fda,0,0.085,0,2
544,183ad3388d0d80bb144ce6cab79e0080d785eee6,0,0.05,0,2
545,07cd6619e0910812b65e1b36181175f20faf3f83,0,0.0,0,2
546,3f353cbde4f98c6a8158d4e597bc211bd050790a,0,0.1,0,2
547,77c4e2f0c63bb018d31228831384871efdfe4947,0,0.0,0,2
548,09e1c64fe93063b522e75e61162fc2445ac3450f,0,0.0,0,2
549,92569b044121bd6f01492e76fabc22368c24c51d,0,0.005,0,2
550,d60ad04b6d1e1e344773f9ff9cdd27d740fa2242,0,0.04,0,2
551,7c9c3017bbd3422c69d7001a1edadd028833a112,0,0.015,0,2
552,f3d957dfbe751df8c15f9435819fc62469c6ad88,0,0.13,0,2
553,3317eb676cf432557bc7a4f33eb6a82eb8394c40,0,0.055,0,2
554,374abec6b138520cbb99935ae20732b95a6adf22,0,0.105,0,2
555,05810bf619f28bb906d99ca583367f428f51deae,0,0.01,0,2
556,d7d6492c1d089bf090c64c9f36b53edfe7cfaf2d,0,0.035,0,2
557,a151bff2f50cb536fb352d2da8165d04f3465245,0,0.005,0,2
558,07f166332003e7f0857954ffc5bd3e85ca762f69,0,0.245,0,2
559,06ec87572a446d19c83a771395b9d6bbaf27f102,0,0.0,0,2
560,d64b9588fcb22193f1df79917f4708a12c079a9b,0,0.06,0,2
561,61499e8725053c8a5785746ed9f5b4ef9c0cf63e,0,0.005,0,2
562,36b8beb614b7a685deb99915389690742db126d4,0,0.005,0,2
563,5b243bb64db8018680a548ad3b22ca52e59ae03e,0,0.005,0,2
564,cf7000a85ce6827ba109060faf718259b1577fb3,0,0.01,0,2
565,cfce6350fe638c0333b6f0f6f1c8cd9534eb8100,0,0.0,0,2
566,5b5e256d978715cebc8e7bc6bc9a5936558e19d0,0,0.195,0,2
567,a6a96b559dbf4806a1c762d5a488f6cf625bfe73,0,0.005,0,2
568,56a423c4963c12c71aa31f4173d6049d241bfe46,0,0.005,0,2
569,b27299f9edc6b7c5c8d067eae422ca87620496f8,0,0.01,0,2
570,1e2b8b7d756aac272897c6baae06a4e2ba43a06d,0,0.13,1,2
571,826fc64e968e5fd84dae5757537ab8ed815e2126,0,0.235,0,2
572,0d6a91f69853e57e7811438dde18270eaf161000,0,0.135,0,2
573,53ccce4ac16015b47a54a8989bea99efd6a0f044,0,0.22,0,2
574,1b238344cd2c311fc68d998043602320c5f11970,0,0.34,0,2
575,1b27e0019e7369fbe4c620af538702682fac2a4a,0,0.02,0,2
576,97c084f9404906949fc29cdd55993134764e4f94,0,0.01,0,2
577,1365c192b98a97006d5255e757742033d9623d03,0,0.16,0,2
578,9e132e73c69ed9e685882d02c40192c57c658eef,0,0.005,0,2
579,1ec00befad424a8f340f73da32b8dae3581c2b18,0,0.08,1,2
580,ef74a8366bec45ba530aec476ad12897037f429a,0,0.005,0,2
581,b176f5f469c972477d7426ac622d4b772333b4c8,0,0.03,0,2
582,daa37ac393c6201ceea11c732da5d5b31dfcee2b,0,0.0,0,2
583,496e4e2a4a044f984d69bf6025fd01361cc81b80,0,0.0,0,2
584,0b1d8afb217250cdf785b3dccd3030eadea2afec,0,0.005,0,2
585,08c4e822e575ed419d5b16e3a1ad364946fdd30d,0,0.0,0,2
586,bba2526326133d771b6c0b1810af06d459ff2533,0,0.12,0,2
587,9ceae1f8f198a736dd63ead16f9533efa5dc37c4,0,0.0,0,2
588,5ca553511dea61641f248f71be203b91f1682e95,0,0.0,0,2
589,82cbcdc3a0ae55f80ae8950c5353cd9f020921af,0,0.005,0,2
590,cb1c8dc9862aba08edcc97de7765a70b021567f9,0,0.0,0,2
591,5e5ba778cbf359e965f3c5a5c37093a63868fc18,0,0.05,0,2
592,ab3b8618d6eac716d7f38b9ace101fefe2c3d6d8,0,0.0,0,2
593,4ed729fc5945ce4dccbc7da01c748f3e7310a878,0,0.0,0,2
594,9dd76438e28bd74f5bde028b1ca2979be13903d7,0,0.005,0,2
595,33c7928ebdfaac1a66e8a94d0c7753d7d91e7592,0,0.035,0,2
596,9714ffac6dbb6b478bfa777375100e32f05d284b,0,0.05,0,2
597,de001e7bcf9acb761047bdcf40f48244f8b63642,0,0.13,1,2
598,5321415bc5e6fe2fc3b6a68f53447a72050d407f,0,0.055,0,2
599,84e3a4787c87a62351a68fa2dc6b1b624ccd20ab,0,0.005,0,2
600,5fb05a5e37da0113df6ccd046f581b261abd1282,0,0.165,0,2
601,93cbe581569afa5d18974ad5e7838bc6dfe19b7e,0,0.005,0,2
602,60c7078ca3457664a2eae739288ce0d1b3ae6e1b,0,0.0,0,2
603,955b3692b7c82103230e591f6521dc5c0690842a,0,0.0,0,2
604,6af2ae6adc0303477051bede83b3aebcfa4ce419,0,0.04,0,2
605,c6d53a52582d2d4c6fdec7a5f1a8cbee16db0e65,0,0.125,1,2
606,df74650ec2bb10d4a9bd0134efbcb4d0610a4908,0,0.125,0,2
607,4b9b7585dcfb93bc027f6e08931100edee6a00b8,0,0.045,0,2
608,172a818945db3c9ad9be3c82a052e3dd023d3e8e,0,0.035,0,2
609,f210f2fbce724d83a1a1b77f25c42e2c9a01a55e,0,0.055,0,2
610,a10ae161bfd1eef861e424cf99ece3b4ff652739,0,0.065,0,2
611,dcbe5c7cafa514745bde4ab4dac197e3f21c1e94,0,0.005,0,2
612,bde7476da59a35c07383ce3cd6abdf9a7f42b887,0,0.02,1,2
613,4cc9a49db12026d043824fbad036918189b43fe8,0,0.01,0,2
614,0b7b9257fba7f77bda69f004bcea11c1ee9707ae,0,0.0,0,2
615,2c508b8458fe1f8c3506032b4b0a4b6d6230a635,0,0.14,1,2
616,51aa6e6ca29a8265784c037bc3a42455329ee4ab,0,0.035,0,2
617,8232bfbdedede1e3cc875b3164eda6ad37c19b63,0,0.095,0,2
618,b625ebe85b1a5d9bc4169b9544e09ea9a287d017,0,0.0,0,2
619,62dc5114ecfb6e1fb08516372e3436da3b6e54dd,0,0.03,0,2
620,669cdc671975b32a8d052bcdffb284ba27d508fe,0,0.085,0,2
621,dbb5bb4968a54099f6d15d0186503a93412e5feb,0,0.35,1,2
622,4eccb93251f7b5d6c9ed1a9f10ddf4e780241f18,0,0.005,0,2
623,aba7e04d4430e2f9786b97d19a22ccb536419687,0,0.06,0,2
624,820915c236e6a8a9e73ba9a6c13ecaa005e6293f,0,0.0,0,2
625,1e7592fd599c25babce3bb019de14e640eb5f785,0,0.01,0,2
626,df60792d6f00deb7bc77a909b853f36df02f8e55,0,0.15,0,2
627,0f5d514dd71315d81f0f2e578ff41bb078dfaefe,0,0.025,0,2
628,742f3cd33ed13937f73e5fa1327ab482333b5670,0,0.025,0,2
629,074985ec2aa4e884445944a198de207846eab58e,0,0.035,0,2
630,75b2bab091c122ed456e8041b444746b0892abe4,0,0.025,0,2
631,c2095faf7353825e19942e0c583904825604241d,0,0.0,0,2
632,5cb711fd8e3e336f61435179ab77fc68a98e36dd,0,0.095,0,2
633,7584e481bffc5a5ffb8673b0cb869b56c73d3b87,0,0.065,0,2
634,44f6b8b20f0ed5bf1965ef575b9ad30bd4f8b256,0,0.145,0,2
635,fc5606177f0158f72e093b66a7e35c675c84c92e,0,0.01,0,2
636,80384009b319d3bcc8b1dae2bf73343d2514843a,0,0.025,0,2
637,05aebba620856c6efe6783f4eaae551d794d4dc3,0,0.255,1,2
638,c2134b3a905bae03e87b0fab17f6b5cccf3cbc02,0,0.13,0,2
639,99b17c9ce1a626a6de9c70ff422aaec4b76e1632,0,0.025,0,2
640,cca4fb2733301e665c0e8656ac8293ab9bd396df,0,0.045,0,2
641,85d35b0ff6762a620259cfa3e471b4edd82ce081,0,0.485,0,2
642,bfe4623c65d5481db86b25db84523569c60ff10c,0,0.115,0,2
643,495f04bcda902b73118cc6b30afd36465762b259,0,0.005,0,2
644,9f631fecc80e69a15db3f92e3301fed9836ec8e3,0,0.085,0,2
645,a21faeae6ed850c618b4fb739a422e3b144db135,0,0.36,1,2
646,320194b3cbfac9bcebe854c7775191e8f32e922c,0,0.195,0,2
647,79c6cb129d6429f2714dab46c86bd92c8db5f5e9,0,0.03,0,2
648,bb38a224ebd20c62d01ca12f2156d1c3c33a8ee2,0,0.0,0,2
649,f119c3a5472f2d998bb5eac12cdc6b4afba2b811,0,0.02,0,2
650,95ebe8294c66d2aeb91db99911c9de42ab3dc87b,0,0.17,0,2
651,30c9e8c111f0e49acb8e9e7f6119230844fe1ee3,0,0.115,0,2
652,93362abb9b5c97f2e529ea05cf69186dbc2284b1,0,0.025,0,2
653,19f58cfa37a40cb9a52d3b6e02577eadab4edc81,0,0.005,0,2
654,6b4085c327102d1479fa08e3d60af9ef0fc1c73a,0,0.05,0,2
655,784e4f69ec67d511a0620a2b030688f186ebb959,0,0.005,1,2
656,31fef8fab1db1629eda5a118ad8669acee10f4f7,0,0.0,0,2
657,c15e80eba987c7f43462c8fdd38ac0b86f71a3f1,0,0.115,1,2
658,d402f6b5e1016bfbd4a36b46a06b3caa73c67880,0,0.035,0,2
659,173735d2df7894572018c15e45a0839059f5fa4c,0,0.07,0,2
660,c640932de203b33683679879cdf4b1b637d473d3,0,0.0,1,2
661,b3777d116ef961d0f1f3bb5575e3856668e48d81,0,0.02,0,2
662,e58f83acb8da8f2635fc29a366547ba7cf95d93c,0,0.045,0,2
663,f215f96be00a699552b00baa563fb919be8637b4,0,0.015,0,2
664,c64ed9d119fd0d9d25fbd8913048249aa54f85bc,0,0.005,0,2
665,dd81f436e80faf3a89bcf8424ee424f2ad152d56,0,0.005,0,2
666,9a8bd27fe5ba231585b29aab664a0a2e7e8f9351,0,0.11,0,2
667,df328dbd46f70bad1c1979a33201baffaf345e9f,0,0.075,0,2
668,59a4edb84d8cb85ac38e4d32251d71970bed177e,0,0.0,0,2
669,972ab8b3b2219b46e0a3c1e7dda4d404bcb5a50d,0,0.065,1,2
670,2431890261cbfe3cf0b5ba85e3037426c646adcf,0,0.05,0,2
671,accccd996a2ca8f450e7206cb1c9e4c64e53f1cd,0,0.17,0,2
672,e24bdc331ceff54b479a0ca78a19dfeb791a6184,0,0.205,0,2
673,a48186437b2b5c4a10f831234052af5859ac3d52,0,0.24,0,2
674,3fac04e842097e72928b8ac9a83f495d3a5eba5a,0,0.085,0,2
675,d9e60241d2986d3e7535c4c6a4fae843e32dff02,0,0.17,1,2
676,7adf364d601c419750a2eb3d1f7b6cb865147962,0,0.015,0,2
677,97ab3822cc0dc20568724abfe72a018f35ec14cb,0,0.035,0,2
678,58c6028e214c3b76634d6c3a7df943aa7651ea7b,0,0.0,0,2
679,962315ba9322bb96d5b1941c4272501cc7cc050e,0,0.105,0,2
680,7572385a7e595c72856124485f1ec088df929975,0,0.005,0,2
681,c917b3b3fa7b0b3e3288f6529835028f82c6f88a,0,0.245,0,2
682,e0723d16df8e098969862a3ef50794f5366b2cef,0,0.01,0,2
683,d4b02f6a3a90cb468731d6156d571d284bd070b1,0,0.01,0,2
684,1a637a4458443361f50b77b085bda23162ddf818,0,0.035,1,2
685,92f005ad13c989d70da393072c4f3d66798e4a1b,0,0.22,0,2
686,730e17083e45c6fa8015d47a79263aee416035ca,0,0.025,0,2
687,968c4a2cf432767bd1dd660a3b36cfd3f5ed566a,0,0.02,0,2
688,e038fdb1cc191cd1a11ebbf5f7f5370a3d4788b8,0,0.045,0,2
689,b5a23d01b65fcd23d03769e0db3918b6b308bf91,0,0.005,0,2
690,45f683a43652287dfd84c93abc0f482bf93ceefb,0,0.135,1,2
691,cab4f493398c1991218099c6cfa2c0cbf096b79a,0,0.165,0,2
692,10299cdde5a2a8feffa48139658b7028c0c953af,0,0.21,1,2
693,f6fd0430728b75fce8afc3d369c49a57ac84015a,0,0.12,0,2
694,4102ba5dfb2bd58d49c4a60687c65bd2919af597,0,0.045,0,2
695,66df76d89ae9a7d5059d7a06ebbdfa199134ab46,0,0.165,0,2
696,434de1dd39f9ff05cb0770fdf4b2fa5d81674597,0,0.2,0,2
697,f73730ec17a83b6d6c5e0befa9b0ae2991543b0f,0,0.155,0,2
698,ed1647b61af0a6d679ffebc0ac69a51be61e337f,0,0.065,0,2
699,abfacd6d14758ae1e9b1475a7699118bc3e32f0d,0,0.005,0,2
700,e3f28223adf26c639a158662019ca9cf63c90230,0,0.035,1,2
701,4039a1446040821a29d0f267b65d379cd1b782d2,0,0.02,0,2
702,6f54422e966a95df227212dee651be837f1a6b56,0,0.09,1,2
703,9fdb08438309b08715112cae8aa2dd4af3d75705,0,0.125,0,2
704,49d757a9cb7ef971faaaad477c166fbc4fbd7ab9,0,0.015,0,2
705,110f03f59489896a1630ec5300c208cbcbdff25c,0,0.02,0,2
706,eb452bcb1dfa621cd91d433725c266a98d975d87,0,0.035,0,2
